{"cameraMode":{"drawMode":0,"name":"Shaded","section":"Shading Mode"},"sceneLighting":true,"audioPlay":false,"sceneViewState":{"showFog":true,"showMaterialUpdate":false,"showSkybox":true,"showFlares":true,"showImageEffects":true,"showParticleSystems":true},"in2DMode":false,"pivot":{"x":4.109411716461182,"y":3.435068130493164,"z":-1.7724995613098145},"rotation":{"x":0.05823522433638573,"y":-0.9349090456962586,"z":0.18204189836978913,"w":0.299073189496994},"size":9.673013687133789,"orthographic":false}