{"cameraMode":{"drawMode":0,"name":"Shaded","section":"Shading Mode"},"sceneLighting":false,"audioPlay":false,"sceneViewState":{"showFog":true,"showMaterialUpdate":false,"showSkybox":false,"showFlares":true,"showImageEffects":true,"showParticleSystems":true},"in2DMode":false,"pivot":{"x":-4.561496734619141,"y":-0.7202487587928772,"z":-5.957645416259766},"rotation":{"x":-0.029069950804114343,"y":0.9428155422210693,"z":-0.08537843823432923,"w":-0.3210429549217224},"size":9.996293067932129,"orthographic":false}